customer_id,source,username,region,device,app_version,timestamp,rating,sentiment,review_text,theme,severity,strategic_goal,helpful_votes,feedback_text,author_handle,source_channel,account_name,account_type,contact_role,deal_stage,note_type,product_area,note_text,ARR_impact_estimate_USD,requested_feature,blocker,next_step,handle,followers,verified,tweet_text,likes,retweets,reply_count,source_weight,impact_score
IOS-001,iOS App Store,ios_0ifd0tvb,US-NY,iPhone 13,11.2.1,2025-06-23 19:01:00,4.0,positive,Loving Advanced Trade—depth charts and order book are spot on.,Onboarding/KYC & Account Holds,0.28,Compliance,17.0,Loving Advanced Trade—depth charts and order book are spot on.,ios_0ifd0tvb,iOS App Store,,,,,,,,,,,,,,,,,,,5.7,0.3192
IOS-002,iOS App Store,ios_zmf8mdd4,CA,iPhone 14,11.2.0,2025-06-11 17:07:00,5.0,positive,Loving Advanced Trade—depth charts and order book are spot on.,Trading/Execution & Fees,0.54,Growth,23.0,Loving Advanced Trade—depth charts and order book are spot on.,ios_zmf8mdd4,iOS App Store,,,,,,,,,,,,,,,,,,,7.3,0.7884
IOS-003,iOS App Store,ios_zbikcidk,AU,iPhone 14,11.2.1,2025-05-19 11:13:00,5.0,positive,Alerting + TradingView charts make decisions faster for me.,Support Experience,0.59,CX Efficiency,34.0,Alerting + TradingView charts make decisions faster for me.,ios_zbikcidk,iOS App Store,,,,,,,,,,,,,,,,,,,8.4,0.9912
IOS-004,iOS App Store,ios_qj7yhl1c,BR,iPhone 12,11.3.0,2025-05-27 08:04:00,4.0,positive,Advanced UI is clean; limit and stop orders work exactly as expected.,Trading/Execution & Fees,0.27,Growth,25.0,Advanced UI is clean; limit and stop orders work exactly as expected.,ios_qj7yhl1c,iOS App Store,,,,,,,,,,,,,,,,,,,6.5,0.351
IOS-005,iOS App Store,ios_jiujv6oh,US-TX,iPad Pro,11.3.1,2025-03-09 01:55:00,4.0,positive,Great upgrade from Pro; same power inside the main app.,Trading/Execution & Fees,0.6,Growth,38.0,Great upgrade from Pro; same power inside the main app.,ios_jiujv6oh,iOS App Store,,,,,,,,,,,,,,,,,,,7.8,0.936
IOS-006,iOS App Store,ios_n9t84azy,EU-ES,iPhone 14,11.3.0,2025-03-14 09:27:00,4.0,positive,Loving Advanced Trade—depth charts and order book are spot on.,Product Availability by Region,0.1,Growth,32.0,Loving Advanced Trade—depth charts and order book are spot on.,ios_n9t84azy,iOS App Store,,,,,,,,,,,,,,,,,,,7.2,0.144
IOS-007,iOS App Store,ios_65kxvf1t,JP,iPad Pro,11.2.0,2025-07-17 10:31:00,4.0,positive,Advanced UI is clean; limit and stop orders work exactly as expected.,Performance/Outages,0.84,Trust&Safety,15.0,Advanced UI is clean; limit and stop orders work exactly as expected.,ios_65kxvf1t,iOS App Store,,,,,,,,,,,,,,,,,,,5.5,0.924
IOS-008,iOS App Store,ios_58drc11e,EU-FR,iPad Pro,11.2.1,2025-04-22 16:55:00,5.0,positive,Loving Advanced Trade—depth charts and order book are spot on.,Support Experience,0.84,CX Efficiency,45.0,Loving Advanced Trade—depth charts and order book are spot on.,ios_58drc11e,iOS App Store,,,,,,,,,,,,,,,,,,,9.5,1.596
IOS-009,iOS App Store,ios_oyn6qica,EU-ES,iPhone 13,11.4.0,2025-04-11 00:04:00,4.0,positive,Fast fills on BTC/ETH; fees are clear on the receipt.,Trading/Execution & Fees,0.15,Growth,21.0,Fast fills on BTC/ETH; fees are clear on the receipt.,ios_oyn6qica,iOS App Store,,,,,,,,,,,,,,,,,,,6.1,0.183
IOS-010,iOS App Store,ios_iyhe7ur2,JP,iPhone 15,11.2.1,2025-03-10 03:42:00,5.0,positive,Loving Advanced Trade—depth charts and order book are spot on.,Performance/Outages,0.44,Trust&Safety,46.0,Loving Advanced Trade—depth charts and order book are spot on.,ios_iyhe7ur2,iOS App Store,,,,,,,,,,,,,,,,,,,9.6,0.8448
IOS-011,iOS App Store,ios_c02dgtfg,EU-FR,iPhone 13,11.2.0,2025-06-07 17:06:00,4.0,positive,Loving Advanced Trade—depth charts and order book are spot on.,"Payments, Deposits & Withdrawals",0.88,CX Efficiency,10.0,Loving Advanced Trade—depth charts and order book are spot on.,ios_c02dgtfg,iOS App Store,,,,,,,,,,,,,,,,,,,5.0,0.88
IOS-012,iOS App Store,ios_r56fao72,US-IL,iPhone 15,11.4.0,2025-08-02 22:31:00,4.0,positive,Great upgrade from Pro; same power inside the main app.,Tax Docs & Reporting,0.34,Compliance,37.0,Great upgrade from Pro; same power inside the main app.,ios_r56fao72,iOS App Store,,,,,,,,,,,,,,,,,,,7.7,0.5236
IOS-013,iOS App Store,ios_0cvs4f8c,US-TX,iPhone 12,11.4.0,2025-03-03 21:55:00,4.0,positive,Alerting + TradingView charts make decisions faster for me.,Onboarding/KYC & Account Holds,0.2,Compliance,15.0,Alerting + TradingView charts make decisions faster for me.,ios_0cvs4f8c,iOS App Store,,,,,,,,,,,,,,,,,,,5.5,0.22
IOS-014,iOS App Store,ios_wpvs7hzi,EU-DE,iPhone 13,11.3.0,2025-06-11 10:59:00,4.0,positive,Alerting + TradingView charts make decisions faster for me.,Onboarding/KYC & Account Holds,0.47,Compliance,6.0,Alerting + TradingView charts make decisions faster for me.,ios_wpvs7hzi,iOS App Store,,,,,,,,,,,,,,,,,,,4.6,0.4324
IOS-015,iOS App Store,ios_hj755nf4,SG,iPhone 14,11.4.0,2025-07-31 16:00:00,5.0,positive,Loving Advanced Trade—depth charts and order book are spot on.,Performance/Outages,0.85,Trust&Safety,16.0,Loving Advanced Trade—depth charts and order book are spot on.,ios_hj755nf4,iOS App Store,,,,,,,,,,,,,,,,,,,6.6,1.122
IOS-016,iOS App Store,ios_0fkhmy4s,US-IL,iPhone 12,11.2.0,2025-07-26 13:53:00,5.0,positive,Loving Advanced Trade—depth charts and order book are spot on.,"Payments, Deposits & Withdrawals",0.1,CX Efficiency,40.0,Loving Advanced Trade—depth charts and order book are spot on.,ios_0fkhmy4s,iOS App Store,,,,,,,,,,,,,,,,,,,9.0,0.18
IOS-017,iOS App Store,ios_fpzue8yf,US-CA,iPhone 14,11.4.0,2025-07-05 04:27:00,4.0,positive,Fast fills on BTC/ETH; fees are clear on the receipt.,Trading/Execution & Fees,0.35,Growth,22.0,Fast fills on BTC/ETH; fees are clear on the receipt.,ios_fpzue8yf,iOS App Store,,,,,,,,,,,,,,,,,,,6.2,0.434
IOS-018,iOS App Store,ios_yymu5907,US-FL,iPhone 13,11.2.1,2025-05-30 00:11:00,2.0,negative,App froze during a volatile move; missed my entry.,Performance/Outages,0.74,Trust&Safety,17.0,App froze during a volatile move; missed my entry.,ios_yymu5907,iOS App Store,,,,,,,,,,,,,,,,,,,3.7,8.214
IOS-019,iOS App Store,ios_2d54i3qk,JP,iPhone 13,11.2.1,2025-02-20 21:12:00,2.0,negative,App froze during a volatile move; missed my entry.,Performance/Outages,0.32,Trust&Safety,49.0,App froze during a volatile move; missed my entry.,ios_2d54i3qk,iOS App Store,,,,,,,,,,,,,,,,,,,6.9,6.624
IOS-020,iOS App Store,ios_msy4la5j,CA,iPhone 14,11.2.0,2025-03-13 19:27:00,2.0,negative,Account recheck blocked withdrawals longer than expected.,Onboarding/KYC & Account Holds,0.45,Compliance,7.0,Account recheck blocked withdrawals longer than expected.,ios_msy4la5j,iOS App Store,,,,,,,,,,,,,,,,,,,2.7,3.645
IOS-021,iOS App Store,ios_6gbps3y7,SG,iPhone SE,11.2.1,2025-05-18 13:04:00,2.0,negative,Support bounced me between channels; no clear resolution path.,Support Experience,0.63,CX Efficiency,46.0,Support bounced me between channels; no clear resolution path.,ios_6gbps3y7,iOS App Store,,,,,,,,,,,,,,,,,,,6.6,12.474
IOS-022,iOS App Store,ios_sylztgxn,SG,iPhone 13,11.4.0,2025-07-09 09:25:00,2.0,negative,Account recheck blocked withdrawals longer than expected.,Onboarding/KYC & Account Holds,0.33,Compliance,50.0,Account recheck blocked withdrawals longer than expected.,ios_sylztgxn,iOS App Store,,,,,,,,,,,,,,,,,,,7.0,6.93
IOS-023,iOS App Store,ios_vlpys280,AU,iPhone 12,11.3.0,2025-06-25 21:40:00,1.0,negative,Gas/fee estimates confusing for first on-chain transfer.,Wallet & On-chain UX,0.75,Onchain Adoption,43.0,Gas/fee estimates confusing for first on-chain transfer.,ios_vlpys280,iOS App Store,,,,,,,,,,,,,,,,,,,5.3,11.925
IOS-024,iOS App Store,ios_ihair4co,AU,iPad Pro,11.2.1,2025-08-11 12:31:00,1.0,negative,Account recheck blocked withdrawals longer than expected.,Onboarding/KYC & Account Holds,0.22,Compliance,48.0,Account recheck blocked withdrawals longer than expected.,ios_ihair4co,iOS App Store,,,,,,,,,,,,,,,,,,,5.8,3.828
IOS-025,iOS App Store,ios_2h2zqu7e,US-TX,iPhone 15,11.4.0,2025-07-07 19:20:00,2.0,negative,Price execution feels off vs reference; need clearer spread breakdown.,Trading/Execution & Fees,0.76,Growth,28.0,Price execution feels off vs reference; need clearer spread breakdown.,ios_2h2zqu7e,iOS App Store,,,,,,,,,,,,,,,,,,,4.8,10.944
IOS-026,iOS App Store,ios_0rjiw1sw,US-IL,iPhone 15,11.2.0,2025-04-28 07:17:00,2.0,negative,App froze during a volatile move; missed my entry.,Performance/Outages,0.81,Trust&Safety,8.0,App froze during a volatile move; missed my entry.,ios_0rjiw1sw,iOS App Store,,,,,,,,,,,,,,,,,,,2.8,6.804
IOS-027,iOS App Store,ios_iyzcotoh,EU-DE,iPhone 15,11.4.0,2025-08-11 00:54:00,2.0,negative,App froze during a volatile move; missed my entry.,Performance/Outages,0.1,Trust&Safety,19.0,App froze during a volatile move; missed my entry.,ios_iyzcotoh,iOS App Store,,,,,,,,,,,,,,,,,,,3.9,1.17
IOS-028,iOS App Store,ios_48p0tvhh,EU-DE,iPhone 15,11.2.0,2025-05-24 10:42:00,1.0,negative,Support bounced me between channels; no clear resolution path.,Support Experience,0.77,CX Efficiency,39.0,Support bounced me between channels; no clear resolution path.,ios_48p0tvhh,iOS App Store,,,,,,,,,,,,,,,,,,,4.9,11.319
IOS-029,iOS App Store,ios_aouaxeqb,EU-DE,iPhone 14,11.2.1,2025-06-10 10:21:00,2.0,negative,Gas/fee estimates confusing for first on-chain transfer.,Wallet & On-chain UX,0.7,Onchain Adoption,16.0,Gas/fee estimates confusing for first on-chain transfer.,ios_aouaxeqb,iOS App Store,,,,,,,,,,,,,,,,,,,3.6,7.56
IOS-030,iOS App Store,ios_q0b8ic8b,US-CA,iPhone 13,11.2.1,2025-02-19 19:09:00,1.0,negative,Price execution feels off vs reference; need clearer spread breakdown.,Trading/Execution & Fees,0.48,Growth,36.0,Price execution feels off vs reference; need clearer spread breakdown.,ios_q0b8ic8b,iOS App Store,,,,,,,,,,,,,,,,,,,4.6,6.624
IOS-031,iOS App Store,ios_qjnv8z2f,US-IL,iPhone 12,11.4.0,2025-02-20 09:36:00,2.0,negative,App froze during a volatile move; missed my entry.,Performance/Outages,0.85,Trust&Safety,4.0,App froze during a volatile move; missed my entry.,ios_qjnv8z2f,iOS App Store,,,,,,,,,,,,,,,,,,,2.4,6.12
IOS-032,iOS App Store,ios_ywd14ve9,JP,iPhone 12,11.3.0,2025-06-30 13:42:00,1.0,negative,Gas/fee estimates confusing for first on-chain transfer.,Wallet & On-chain UX,0.5,Onchain Adoption,0.0,Gas/fee estimates confusing for first on-chain transfer.,ios_ywd14ve9,iOS App Store,,,,,,,,,,,,,,,,,,,1.0,1.5
IOS-033,iOS App Store,ios_3d8w3zp0,AU,iPhone 14,11.4.0,2025-07-01 15:29:00,2.0,negative,Support bounced me between channels; no clear resolution path.,Support Experience,0.36,CX Efficiency,5.0,Support bounced me between channels; no clear resolution path.,ios_3d8w3zp0,iOS App Store,,,,,,,,,,,,,,,,,,,2.5,2.7
IOS-034,iOS App Store,ios_iqvnb4gh,JP,iPhone 14,11.3.0,2025-04-26 19:44:00,3.0,neutral,Saw new pairs listed; undecided if I’ll trade them.,Tax Docs & Reporting,0.51,Compliance,5.0,Saw new pairs listed; undecided if I’ll trade them.,ios_iqvnb4gh,iOS App Store,,,,,,,,,,,,,,,,,,,3.5,1.785
IOS-035,iOS App Store,ios_r1yxr2dh,SG,iPhone 13,11.3.0,2025-08-02 18:23:00,3.0,neutral,Using limit orders mainly; haven’t tried advanced triggers yet.,Product Availability by Region,0.44,Growth,21.0,Using limit orders mainly; haven’t tried advanced triggers yet.,ios_r1yxr2dh,iOS App Store,,,,,,,,,,,,,,,,,,,5.1,2.244
IOS-036,iOS App Store,ios_jjeget1g,US-FL,iPhone SE,11.3.1,2025-04-25 23:37:00,3.0,neutral,Saw new pairs listed; undecided if I’ll trade them.,Tax Docs & Reporting,0.77,Compliance,14.0,Saw new pairs listed; undecided if I’ll trade them.,ios_jjeget1g,iOS App Store,,,,,,,,,,,,,,,,,,,4.4,3.388
IOS-037,iOS App Store,ios_kzebbk7w,JP,iPhone 15,11.2.0,2025-02-17 18:18:00,3.0,neutral,Saw new pairs listed; undecided if I’ll trade them.,Trading/Execution & Fees,0.45,Growth,3.0,Saw new pairs listed; undecided if I’ll trade them.,ios_kzebbk7w,iOS App Store,,,,,,,,,,,,,,,,,,,3.3,1.485
IOS-038,iOS App Store,ios_ecruyf38,US-NY,iPhone 13,11.2.0,2025-07-06 13:38:00,3.0,neutral,Saw new pairs listed; undecided if I’ll trade them.,Tax Docs & Reporting,0.46,Compliance,19.0,Saw new pairs listed; undecided if I’ll trade them.,ios_ecruyf38,iOS App Store,,,,,,,,,,,,,,,,,,,4.9,2.254
IOS-039,iOS App Store,ios_kwv08hhx,US-TX,iPhone 13,11.2.1,2025-07-05 02:10:00,3.0,neutral,Using bank transfer; settlement times are predictable so far.,Product Availability by Region,0.46,Growth,30.0,Using bank transfer; settlement times are predictable so far.,ios_kwv08hhx,iOS App Store,,,,,,,,,,,,,,,,,,,6.0,2.76
IOS-040,iOS App Store,ios_izzqy72w,AU,iPhone 13,11.3.1,2025-03-15 17:14:00,3.0,neutral,Saw new pairs listed; undecided if I’ll trade them.,Onboarding/KYC & Account Holds,0.76,Compliance,3.0,Saw new pairs listed; undecided if I’ll trade them.,ios_izzqy72w,iOS App Store,,,,,,,,,,,,,,,,,,,3.3,2.508
IOS-041,iOS App Store,ios_v37pqkoj,EU-ES,iPhone 15,11.3.1,2025-03-06 19:02:00,3.0,neutral,Using limit orders mainly; haven’t tried advanced triggers yet.,Wallet & On-chain UX,0.58,Onchain Adoption,5.0,Using limit orders mainly; haven’t tried advanced triggers yet.,ios_v37pqkoj,iOS App Store,,,,,,,,,,,,,,,,,,,3.5,2.03
IOS-042,iOS App Store,ios_9yjb1qx6,US-TX,iPad Pro,11.3.1,2025-07-26 15:05:00,3.0,neutral,Using limit orders mainly; haven’t tried advanced triggers yet.,Onboarding/KYC & Account Holds,0.43,Compliance,42.0,Using limit orders mainly; haven’t tried advanced triggers yet.,ios_9yjb1qx6,iOS App Store,,,,,,,,,,,,,,,,,,,7.2,3.096
IOS-043,iOS App Store,ios_lyk83tql,UK,iPhone 12,11.3.1,2025-06-25 00:42:00,3.0,neutral,Switched to Advanced Trade after Pro sunset; still exploring features.,Trading/Execution & Fees,0.14,Growth,23.0,Switched to Advanced Trade after Pro sunset; still exploring features.,ios_lyk83tql,iOS App Store,,,,,,,,,,,,,,,,,,,5.3,0.742
IOS-044,iOS App Store,ios_w1ht7pze,AU,iPad Pro,11.2.1,2025-03-26 09:35:00,3.0,neutral,Using bank transfer; settlement times are predictable so far.,Tax Docs & Reporting,0.17,Compliance,29.0,Using bank transfer; settlement times are predictable so far.,ios_w1ht7pze,iOS App Store,,,,,,,,,,,,,,,,,,,5.9,1.003
IOS-045,iOS App Store,ios_rzsj49it,EU-DE,iPhone 13,11.4.0,2025-06-24 23:56:00,3.0,neutral,Switched to Advanced Trade after Pro sunset; still exploring features.,Trading/Execution & Fees,0.32,Growth,21.0,Switched to Advanced Trade after Pro sunset; still exploring features.,ios_rzsj49it,iOS App Store,,,,,,,,,,,,,,,,,,,5.1,1.632
IOS-046,iOS App Store,ios_3kkv9rft,UK,iPhone 14,11.4.0,2025-07-03 12:29:00,3.0,neutral,Using bank transfer; settlement times are predictable so far.,Wallet & On-chain UX,0.88,Onchain Adoption,36.0,Using bank transfer; settlement times are predictable so far.,ios_3kkv9rft,iOS App Store,,,,,,,,,,,,,,,,,,,6.6,5.808
IOS-047,iOS App Store,ios_i1b0z3nx,BR,iPhone SE,11.2.1,2025-06-20 01:08:00,3.0,neutral,Charts load fine; volume varies by pair and time of day.,Performance/Outages,0.8,Trust&Safety,6.0,Charts load fine; volume varies by pair and time of day.,ios_i1b0z3nx,iOS App Store,,,,,,,,,,,,,,,,,,,3.6,2.88
IOS-048,iOS App Store,ios_af58c2jw,EU-DE,iPhone SE,11.2.0,2025-05-09 21:54:00,3.0,neutral,Using bank transfer; settlement times are predictable so far.,Tax Docs & Reporting,0.6,Compliance,34.0,Using bank transfer; settlement times are predictable so far.,ios_af58c2jw,iOS App Store,,,,,,,,,,,,,,,,,,,6.4,3.84
IOS-049,iOS App Store,ios_iykid91z,US-NY,iPhone 15,11.2.1,2025-08-10 09:57:00,3.0,neutral,Switched to Advanced Trade after Pro sunset; still exploring features.,"Payments, Deposits & Withdrawals",0.36,CX Efficiency,18.0,Switched to Advanced Trade after Pro sunset; still exploring features.,ios_iykid91z,iOS App Store,,,,,,,,,,,,,,,,,,,4.8,1.728
IOS-050,iOS App Store,ios_pioyggvn,AU,iPhone 13,11.3.1,2025-07-13 04:14:00,3.0,neutral,Saw new pairs listed; undecided if I’ll trade them.,"Security, Fraud & Phishing",0.47,Trust&Safety,29.0,Saw new pairs listed; undecided if I’ll trade them.,ios_pioyggvn,iOS App Store,,,,,,,,,,,,,,,,,,,5.9,2.773
GP-001,Google Play Store,and_yfpmvxpj,BR,Pixel 8,11.2.1,2025-05-23 15:06:00,4.0,positive,Fast fills on BTC/ETH; fees are clear on the receipt.,Trading/Execution & Fees,0.56,Growth,18.0,Fast fills on BTC/ETH; fees are clear on the receipt.,and_yfpmvxpj,Google Play Store,,,,,,,,,,,,,,,,,,,5.8,0.6496
GP-002,Google Play Store,and_a3oa5296,SG,Galaxy S22,11.3.0,2025-04-13 19:51:00,5.0,positive,Fast fills on BTC/ETH; fees are clear on the receipt.,Trading/Execution & Fees,0.61,Growth,16.0,Fast fills on BTC/ETH; fees are clear on the receipt.,and_a3oa5296,Google Play Store,,,,,,,,,,,,,,,,,,,6.6,0.8052
GP-003,Google Play Store,and_6xlpu0dk,SG,Galaxy S22,11.2.1,2025-04-06 04:50:00,5.0,positive,Advanced UI is clean; limit and stop orders work exactly as expected.,"Payments, Deposits & Withdrawals",0.76,CX Efficiency,30.0,Advanced UI is clean; limit and stop orders work exactly as expected.,and_6xlpu0dk,Google Play Store,,,,,,,,,,,,,,,,,,,8.0,1.216
GP-004,Google Play Store,and_0me8f840,EU-DE,Nothing Phone 2,11.4.0,2025-05-18 02:50:00,5.0,positive,Fast fills on BTC/ETH; fees are clear on the receipt.,Trading/Execution & Fees,0.31,Growth,29.0,Fast fills on BTC/ETH; fees are clear on the receipt.,and_0me8f840,Google Play Store,,,,,,,,,,,,,,,,,,,7.9,0.4898
GP-005,Google Play Store,and_yyv37dia,IN,Galaxy S23,11.3.0,2025-07-20 07:41:00,4.0,positive,Fast fills on BTC/ETH; fees are clear on the receipt.,Trading/Execution & Fees,0.83,Growth,41.0,Fast fills on BTC/ETH; fees are clear on the receipt.,and_yyv37dia,Google Play Store,,,,,,,,,,,,,,,,,,,8.1,1.3446
GP-006,Google Play Store,and_f8krd5eq,AU,OnePlus 11,11.4.0,2025-06-01 18:47:00,4.0,positive,Great upgrade from Pro; same power inside the main app.,"Payments, Deposits & Withdrawals",0.62,CX Efficiency,39.0,Great upgrade from Pro; same power inside the main app.,and_f8krd5eq,Google Play Store,,,,,,,,,,,,,,,,,,,7.9,0.9796
GP-007,Google Play Store,and_bnp84dyt,AU,Pixel 8,11.2.0,2025-05-26 08:12:00,4.0,positive,Great upgrade from Pro; same power inside the main app.,Wallet & On-chain UX,0.17,Onchain Adoption,41.0,Great upgrade from Pro; same power inside the main app.,and_bnp84dyt,Google Play Store,,,,,,,,,,,,,,,,,,,8.1,0.2754
GP-008,Google Play Store,and_bm92h3tv,BR,Nothing Phone 2,11.2.1,2025-05-09 04:50:00,4.0,positive,Alerting + TradingView charts make decisions faster for me.,Onboarding/KYC & Account Holds,0.79,Compliance,8.0,Alerting + TradingView charts make decisions faster for me.,and_bm92h3tv,Google Play Store,,,,,,,,,,,,,,,,,,,4.8,0.7584
GP-009,Google Play Store,and_2d5em2va,US-IL,Pixel 6,11.2.1,2025-06-01 16:07:00,4.0,positive,Alerting + TradingView charts make decisions faster for me.,Wallet & On-chain UX,0.46,Onchain Adoption,32.0,Alerting + TradingView charts make decisions faster for me.,and_2d5em2va,Google Play Store,,,,,,,,,,,,,,,,,,,7.2,0.6624
GP-010,Google Play Store,and_qhw06xkx,US-CA,Pixel 6,11.3.1,2025-05-27 13:43:00,4.0,positive,Alerting + TradingView charts make decisions faster for me.,"Payments, Deposits & Withdrawals",0.67,CX Efficiency,4.0,Alerting + TradingView charts make decisions faster for me.,and_qhw06xkx,Google Play Store,,,,,,,,,,,,,,,,,,,4.4,0.5896
GP-011,Google Play Store,and_vcjwtl9t,EU-FR,Galaxy S23,11.4.0,2025-06-04 03:50:00,4.0,positive,Loving Advanced Trade—depth charts and order book are spot on.,"Security, Fraud & Phishing",0.44,Trust&Safety,26.0,Loving Advanced Trade—depth charts and order book are spot on.,and_vcjwtl9t,Google Play Store,,,,,,,,,,,,,,,,,,,6.6,0.5808
GP-012,Google Play Store,and_3o0llj8y,EU-FR,Pixel 6,11.2.0,2025-03-07 02:27:00,4.0,positive,Fast fills on BTC/ETH; fees are clear on the receipt.,Trading/Execution & Fees,0.75,Growth,3.0,Fast fills on BTC/ETH; fees are clear on the receipt.,and_3o0llj8y,Google Play Store,,,,,,,,,,,,,,,,,,,4.3,0.645
GP-013,Google Play Store,and_uyo57p6b,US-IL,Galaxy S23,11.3.0,2025-05-15 03:36:00,4.0,positive,Alerting + TradingView charts make decisions faster for me.,Performance/Outages,0.63,Trust&Safety,6.0,Alerting + TradingView charts make decisions faster for me.,and_uyo57p6b,Google Play Store,,,,,,,,,,,,,,,,,,,4.6,0.5796
GP-014,Google Play Store,and_4n1u3493,CA,OnePlus 11,11.4.0,2025-02-20 19:59:00,5.0,positive,Fast fills on BTC/ETH; fees are clear on the receipt.,Trading/Execution & Fees,0.24,Growth,21.0,Fast fills on BTC/ETH; fees are clear on the receipt.,and_4n1u3493,Google Play Store,,,,,,,,,,,,,,,,,,,7.1,0.3408
GP-015,Google Play Store,and_a5uofwb0,US-FL,Galaxy S22,11.3.1,2025-06-10 10:10:00,5.0,positive,Fast fills on BTC/ETH; fees are clear on the receipt.,Trading/Execution & Fees,0.68,Growth,38.0,Fast fills on BTC/ETH; fees are clear on the receipt.,and_a5uofwb0,Google Play Store,,,,,,,,,,,,,,,,,,,8.8,1.1968
GP-016,Google Play Store,and_f1bcppvo,US-FL,Nothing Phone 2,11.4.0,2025-03-15 11:27:00,4.0,positive,Loving Advanced Trade—depth charts and order book are spot on.,Onboarding/KYC & Account Holds,0.64,Compliance,31.0,Loving Advanced Trade—depth charts and order book are spot on.,and_f1bcppvo,Google Play Store,,,,,,,,,,,,,,,,,,,7.1,0.9088
GP-017,Google Play Store,and_bovakhej,UK,Pixel 6,11.2.0,2025-06-21 23:27:00,4.0,positive,Alerting + TradingView charts make decisions faster for me.,Wallet & On-chain UX,0.4,Onchain Adoption,32.0,Alerting + TradingView charts make decisions faster for me.,and_bovakhej,Google Play Store,,,,,,,,,,,,,,,,,,,7.2,0.576
GP-018,Google Play Store,and_43c5ba75,CA,Galaxy S22,11.4.0,2025-05-28 22:40:00,2.0,negative,Gas/fee estimates confusing for first on-chain transfer.,Wallet & On-chain UX,0.19,Onchain Adoption,20.0,Gas/fee estimates confusing for first on-chain transfer.,and_43c5ba75,Google Play Store,,,,,,,,,,,,,,,,,,,4.0,2.28
GP-019,Google Play Store,and_2w37d4iv,EU-ES,Pixel 6,11.3.1,2025-05-04 23:21:00,2.0,negative,App froze during a volatile move; missed my entry.,Performance/Outages,0.72,Trust&Safety,32.0,App froze during a volatile move; missed my entry.,and_2w37d4iv,Google Play Store,,,,,,,,,,,,,,,,,,,5.2,11.232
GP-020,Google Play Store,and_tg1m8xfd,US-IL,Pixel 7,11.2.1,2025-07-18 04:48:00,1.0,negative,Price execution feels off vs reference; need clearer spread breakdown.,Trading/Execution & Fees,0.86,Growth,29.0,Price execution feels off vs reference; need clearer spread breakdown.,and_tg1m8xfd,Google Play Store,,,,,,,,,,,,,,,,,,,3.9,10.062
GP-021,Google Play Store,and_1q7uww5w,US-TX,Galaxy S22,11.2.0,2025-06-14 14:40:00,2.0,negative,Gas/fee estimates confusing for first on-chain transfer.,Wallet & On-chain UX,0.57,Onchain Adoption,32.0,Gas/fee estimates confusing for first on-chain transfer.,and_1q7uww5w,Google Play Store,,,,,,,,,,,,,,,,,,,5.2,8.892
GP-022,Google Play Store,and_lqc3c54w,EU-ES,Galaxy S22,11.3.1,2025-07-12 17:50:00,2.0,negative,Price execution feels off vs reference; need clearer spread breakdown.,Trading/Execution & Fees,0.83,Growth,41.0,Price execution feels off vs reference; need clearer spread breakdown.,and_lqc3c54w,Google Play Store,,,,,,,,,,,,,,,,,,,6.1,15.189
GP-023,Google Play Store,and_lrfcd6mz,EU-ES,OnePlus 11,11.2.1,2025-02-24 07:45:00,2.0,negative,App froze during a volatile move; missed my entry.,Performance/Outages,0.52,Trust&Safety,10.0,App froze during a volatile move; missed my entry.,and_lrfcd6mz,Google Play Store,,,,,,,,,,,,,,,,,,,3.0,4.68
GP-024,Google Play Store,and_nkomv2xc,US-NY,Galaxy S23,11.3.1,2025-04-27 08:46:00,2.0,negative,Account recheck blocked withdrawals longer than expected.,Onboarding/KYC & Account Holds,0.17,Compliance,22.0,Account recheck blocked withdrawals longer than expected.,and_nkomv2xc,Google Play Store,,,,,,,,,,,,,,,,,,,4.2,2.142
GP-025,Google Play Store,and_8zov7ln2,BR,Pixel 7,11.4.0,2025-03-09 20:42:00,2.0,negative,Account recheck blocked withdrawals longer than expected.,Onboarding/KYC & Account Holds,0.11,Compliance,11.0,Account recheck blocked withdrawals longer than expected.,and_8zov7ln2,Google Play Store,,,,,,,,,,,,,,,,,,,3.1,1.023
GP-026,Google Play Store,and_m1g9fk2s,EU-ES,Nothing Phone 2,11.4.0,2025-02-23 21:21:00,2.0,negative,App froze during a volatile move; missed my entry.,Performance/Outages,0.22,Trust&Safety,44.0,App froze during a volatile move; missed my entry.,and_m1g9fk2s,Google Play Store,,,,,,,,,,,,,,,,,,,6.4,4.224
GP-027,Google Play Store,and_3fpoyipk,SG,Nothing Phone 2,11.3.1,2025-04-14 17:15:00,2.0,negative,Gas/fee estimates confusing for first on-chain transfer.,Wallet & On-chain UX,0.82,Onchain Adoption,23.0,Gas/fee estimates confusing for first on-chain transfer.,and_3fpoyipk,Google Play Store,,,,,,,,,,,,,,,,,,,4.3,10.578
GP-028,Google Play Store,and_9qkns832,US-TX,Nothing Phone 2,11.3.0,2025-02-27 20:30:00,1.0,negative,Gas/fee estimates confusing for first on-chain transfer.,Wallet & On-chain UX,0.67,Onchain Adoption,7.0,Gas/fee estimates confusing for first on-chain transfer.,and_9qkns832,Google Play Store,,,,,,,,,,,,,,,,,,,1.7,3.417
GP-029,Google Play Store,and_dfqs3d63,IN,Pixel 8,11.2.0,2025-05-31 01:25:00,1.0,negative,Account recheck blocked withdrawals longer than expected.,Onboarding/KYC & Account Holds,0.41,Compliance,23.0,Account recheck blocked withdrawals longer than expected.,and_dfqs3d63,Google Play Store,,,,,,,,,,,,,,,,,,,3.3,4.059
GP-030,Google Play Store,and_b74x2ek3,SG,Nothing Phone 2,11.2.1,2025-08-13 15:28:00,1.0,negative,App froze during a volatile move; missed my entry.,Performance/Outages,0.12,Trust&Safety,9.0,App froze during a volatile move; missed my entry.,and_b74x2ek3,Google Play Store,,,,,,,,,,,,,,,,,,,1.9,0.684
GP-031,Google Play Store,and_7vp1ieix,CA,Galaxy S22,11.2.0,2025-03-14 15:38:00,1.0,negative,Gas/fee estimates confusing for first on-chain transfer.,Wallet & On-chain UX,0.67,Onchain Adoption,27.0,Gas/fee estimates confusing for first on-chain transfer.,and_7vp1ieix,Google Play Store,,,,,,,,,,,,,,,,,,,3.7,7.437
GP-032,Google Play Store,and_wioxd9cs,EU-ES,Nothing Phone 2,11.4.0,2025-07-05 00:24:00,1.0,negative,Price execution feels off vs reference; need clearer spread breakdown.,Trading/Execution & Fees,0.61,Growth,16.0,Price execution feels off vs reference; need clearer spread breakdown.,and_wioxd9cs,Google Play Store,,,,,,,,,,,,,,,,,,,2.6,4.758
GP-033,Google Play Store,and_mcixdu1e,UK,Galaxy S23,11.3.0,2025-07-28 05:53:00,2.0,negative,Price execution feels off vs reference; need clearer spread breakdown.,Trading/Execution & Fees,0.61,Growth,4.0,Price execution feels off vs reference; need clearer spread breakdown.,and_mcixdu1e,Google Play Store,,,,,,,,,,,,,,,,,,,2.4,4.392
GP-034,Google Play Store,and_bh25llo3,EU-FR,Pixel 8,11.2.0,2025-07-29 06:18:00,3.0,neutral,Charts load fine; volume varies by pair and time of day.,Performance/Outages,0.79,Trust&Safety,17.0,Charts load fine; volume varies by pair and time of day.,and_bh25llo3,Google Play Store,,,,,,,,,,,,,,,,,,,4.7,3.713
GP-035,Google Play Store,and_pop8mgyn,JP,Galaxy S23,11.3.0,2025-03-07 23:27:00,3.0,neutral,Switched to Advanced Trade after Pro sunset; still exploring features.,"Security, Fraud & Phishing",0.58,Trust&Safety,34.0,Switched to Advanced Trade after Pro sunset; still exploring features.,and_pop8mgyn,Google Play Store,,,,,,,,,,,,,,,,,,,6.4,3.712
GP-036,Google Play Store,and_dlkqzfpq,SG,Nothing Phone 2,11.3.0,2025-07-21 13:17:00,3.0,neutral,Saw new pairs listed; undecided if I’ll trade them.,"Security, Fraud & Phishing",0.64,Trust&Safety,23.0,Saw new pairs listed; undecided if I’ll trade them.,and_dlkqzfpq,Google Play Store,,,,,,,,,,,,,,,,,,,5.3,3.392
GP-037,Google Play Store,and_8fv2bc2n,EU-DE,Galaxy S23,11.2.0,2025-07-18 04:43:00,3.0,neutral,Using bank transfer; settlement times are predictable so far.,Trading/Execution & Fees,0.4,Growth,36.0,Using bank transfer; settlement times are predictable so far.,and_8fv2bc2n,Google Play Store,,,,,,,,,,,,,,,,,,,6.6,2.64
GP-038,Google Play Store,and_nlk8ags6,US-NY,Pixel 8,11.3.0,2025-08-13 14:13:00,3.0,neutral,Using limit orders mainly; haven’t tried advanced triggers yet.,Performance/Outages,0.26,Trust&Safety,4.0,Using limit orders mainly; haven’t tried advanced triggers yet.,and_nlk8ags6,Google Play Store,,,,,,,,,,,,,,,,,,,3.4,0.884
GP-039,Google Play Store,and_gz9389yz,EU-ES,Galaxy S23,11.3.0,2025-05-01 05:45:00,3.0,neutral,Charts load fine; volume varies by pair and time of day.,Performance/Outages,0.51,Trust&Safety,12.0,Charts load fine; volume varies by pair and time of day.,and_gz9389yz,Google Play Store,,,,,,,,,,,,,,,,,,,4.2,2.142
GP-040,Google Play Store,and_2atn2twd,US-IL,Galaxy S22,11.3.1,2025-06-28 13:49:00,3.0,neutral,Using limit orders mainly; haven’t tried advanced triggers yet.,Support Experience,0.2,CX Efficiency,41.0,Using limit orders mainly; haven’t tried advanced triggers yet.,and_2atn2twd,Google Play Store,,,,,,,,,,,,,,,,,,,7.1,1.42
GP-041,Google Play Store,and_qse3tv1e,EU-ES,Nothing Phone 2,11.2.0,2025-03-17 16:09:00,3.0,neutral,Switched to Advanced Trade after Pro sunset; still exploring features.,Tax Docs & Reporting,0.23,Compliance,22.0,Switched to Advanced Trade after Pro sunset; still exploring features.,and_qse3tv1e,Google Play Store,,,,,,,,,,,,,,,,,,,5.2,1.196
GP-042,Google Play Store,and_4jwtekts,US-TX,Galaxy S23,11.4.0,2025-03-25 05:42:00,3.0,neutral,Using bank transfer; settlement times are predictable so far.,Wallet & On-chain UX,0.76,Onchain Adoption,5.0,Using bank transfer; settlement times are predictable so far.,and_4jwtekts,Google Play Store,,,,,,,,,,,,,,,,,,,3.5,2.66
GP-043,Google Play Store,and_x1oxrwk8,EU-FR,Pixel 7,11.3.1,2025-05-01 14:04:00,3.0,neutral,Switched to Advanced Trade after Pro sunset; still exploring features.,Wallet & On-chain UX,0.45,Onchain Adoption,29.0,Switched to Advanced Trade after Pro sunset; still exploring features.,and_x1oxrwk8,Google Play Store,,,,,,,,,,,,,,,,,,,5.9,2.655
GP-044,Google Play Store,and_vlz049en,EU-ES,Pixel 6,11.3.0,2025-04-16 14:07:00,3.0,neutral,Using limit orders mainly; haven’t tried advanced triggers yet.,"Security, Fraud & Phishing",0.3,Trust&Safety,3.0,Using limit orders mainly; haven’t tried advanced triggers yet.,and_vlz049en,Google Play Store,,,,,,,,,,,,,,,,,,,3.3,0.99
GP-045,Google Play Store,and_5p8637zg,US-TX,Galaxy S22,11.4.0,2025-06-13 15:56:00,3.0,neutral,Saw new pairs listed; undecided if I’ll trade them.,Product Availability by Region,0.12,Growth,32.0,Saw new pairs listed; undecided if I’ll trade them.,and_5p8637zg,Google Play Store,,,,,,,,,,,,,,,,,,,6.2,0.744
GP-046,Google Play Store,and_8hmbr5xq,EU-ES,Pixel 6,11.2.0,2025-06-04 04:56:00,3.0,neutral,Charts load fine; volume varies by pair and time of day.,Performance/Outages,0.71,Trust&Safety,2.0,Charts load fine; volume varies by pair and time of day.,and_8hmbr5xq,Google Play Store,,,,,,,,,,,,,,,,,,,3.2,2.272
GP-047,Google Play Store,and_bunknqt3,CA,OnePlus 11,11.4.0,2025-03-16 04:06:00,3.0,neutral,Charts load fine; volume varies by pair and time of day.,Performance/Outages,0.74,Trust&Safety,35.0,Charts load fine; volume varies by pair and time of day.,and_bunknqt3,Google Play Store,,,,,,,,,,,,,,,,,,,6.5,4.81
GP-048,Google Play Store,and_hssbelrq,CA,Galaxy S23,11.2.1,2025-05-08 19:20:00,3.0,neutral,Saw new pairs listed; undecided if I’ll trade them.,Trading/Execution & Fees,0.89,Growth,37.0,Saw new pairs listed; undecided if I’ll trade them.,and_hssbelrq,Google Play Store,,,,,,,,,,,,,,,,,,,6.7,5.963
GP-049,Google Play Store,and_3tzk3ny9,CA,Pixel 8,11.2.0,2025-07-16 15:16:00,3.0,neutral,Saw new pairs listed; undecided if I’ll trade them.,Performance/Outages,0.57,Trust&Safety,33.0,Saw new pairs listed; undecided if I’ll trade them.,and_3tzk3ny9,Google Play Store,,,,,,,,,,,,,,,,,,,6.3,3.591
GP-050,Google Play Store,and_fyb8dalf,SG,Pixel 7,11.3.1,2025-06-22 19:58:00,3.0,neutral,Using bank transfer; settlement times are predictable so far.,Product Availability by Region,0.66,Growth,13.0,Using bank transfer; settlement times are predictable so far.,and_fyb8dalf,Google Play Store,,,,,,,,,,,,,,,,,,,4.3,2.838
INT-001,Internal Sales Notes,,AU,,,2025-04-18 08:35:00,,positive,,"Security, Fraud & Phishing",0.34,Trust&Safety,,Pricing acceptable with volume tiers; legal review clean.,Acct-CO_9RN,Internal Sales Notes,Acct-CO_9RN,Enterprise,CTO,Negotiation,Support Escalation,API/Execution,Pricing acceptable with volume tiers; legal review clean.,20000.0,Post-trade Receipt,Security Approval,Wait for QBR,,,,,,,,0.4,0.0272
INT-002,Internal Sales Notes,,JP,,,2025-03-06 11:59:00,,positive,,"Security, Fraud & Phishing",0.45,Trust&Safety,,Migration plan from Pro approved; internal champions identified.,Acct-CO_U7Z,Internal Sales Notes,Acct-CO_U7Z,Mid-Market,PM,Evaluation,Call Summary,Funding & Withdrawals,Migration plan from Pro approved; internal champions identified.,20000.0,None,Missing Feature,Provide Security Docs,,,,,,,,0.4,0.036
INT-003,Internal Sales Notes,,US-FL,,,2025-06-14 03:43:00,,positive,,Wallet & On-chain UX,0.72,Onchain Adoption,,Pricing acceptable with volume tiers; legal review clean.,Acct-CO_7ZE,Internal Sales Notes,Acct-CO_7ZE,Enterprise,Head of Trading,Prospect,Support Escalation,Funding & Withdrawals,Pricing acceptable with volume tiers; legal review clean.,0.0,API Keys per Desk,Security Approval,Wait for QBR,,,,,,,,0.1,0.0144
INT-004,Internal Sales Notes,,IN,,,2025-05-26 15:11:00,,positive,,Support Experience,0.85,CX Efficiency,,Migration plan from Pro approved; internal champions identified.,Acct-CO_1KK,Internal Sales Notes,Acct-CO_1KK,SMB,PM,Pilot,Email,Advanced Trade Core,Migration plan from Pro approved; internal champions identified.,20000.0,OCO,Compliance Review,Pricing Review,,,,,,,,0.4,0.068
INT-005,Internal Sales Notes,,US-FL,,,2025-06-11 20:16:00,,positive,,"Payments, Deposits & Withdrawals",0.67,CX Efficiency,,Pricing acceptable with volume tiers; legal review clean.,Acct-CO_7MQ,Internal Sales Notes,Acct-CO_7MQ,Mid-Market,Head of Trading,Evaluation,Email,Wallet & On-chain,Pricing acceptable with volume tiers; legal review clean.,0.0,None,Pricing,Pricing Review,,,,,,,,0.1,0.0134
INT-006,Internal Sales Notes,,UK,,,2025-04-15 14:48:00,,positive,,Trading/Execution & Fees,0.31,Growth,,Advanced order types matched competitor; trader desk satisfied.,Acct-CO_VWO,Internal Sales Notes,Acct-CO_VWO,Mid-Market,PM,Prospect,QBR Note,Reporting/Tax,Advanced order types matched competitor; trader desk satisfied.,20000.0,Post-trade Receipt,None,None,,,,,,,,0.4,0.0248
INT-007,Internal Sales Notes,,SG,,,2025-07-21 07:14:00,,positive,,"Security, Fraud & Phishing",0.87,Trust&Safety,,API latency met sub-50ms target; ready for scale testing.,Acct-CO_YCE,Internal Sales Notes,Acct-CO_YCE,Mid-Market,Head of Trading,Closed Won,QBR Note,Funding & Withdrawals,API latency met sub-50ms target; ready for scale testing.,50000.0,Trailing Stop,Missing Feature,None,,,,,,,,1.0,0.174
INT-008,Internal Sales Notes,,EU-FR,,,2025-07-08 03:03:00,,positive,,Performance/Outages,0.76,Trust&Safety,,Migration plan from Pro approved; internal champions identified.,Acct-CO_612,Internal Sales Notes,Acct-CO_612,Enterprise,Compliance Lead,Closed Won,QBR Note,Advanced Trade Core,Migration plan from Pro approved; internal champions identified.,120000.0,Trailing Stop,None,None,,,,,,,,2.4,0.3648
INT-009,Internal Sales Notes,,EU-ES,,,2025-07-07 14:43:00,,positive,,"Security, Fraud & Phishing",0.75,Trust&Safety,,Advanced order types matched competitor; trader desk satisfied.,Acct-CO_4PY,Internal Sales Notes,Acct-CO_4PY,SMB,CFO,Pilot,RFP Response,Advanced Trade Core,Advanced order types matched competitor; trader desk satisfied.,250000.0,OCO,Missing Feature,Pricing Review,,,,,,,,5.0,0.75
INT-010,Internal Sales Notes,,US-TX,,,2025-05-22 14:55:00,,positive,,"Payments, Deposits & Withdrawals",0.83,CX Efficiency,,Advanced order types matched competitor; trader desk satisfied.,Acct-CO_BMC,Internal Sales Notes,Acct-CO_BMC,Mid-Market,PM,Closed Lost,Support Escalation,Funding & Withdrawals,Advanced order types matched competitor; trader desk satisfied.,50000.0,SLA Dashboard,Compliance Review,None,,,,,,,,1.0,0.166
INT-011,Internal Sales Notes,,SG,,,2025-04-13 07:29:00,,positive,,"Payments, Deposits & Withdrawals",0.38,CX Efficiency,,API latency met sub-50ms target; ready for scale testing.,Acct-CO_GTT,Internal Sales Notes,Acct-CO_GTT,Enterprise,Compliance Lead,Pilot,RFP Response,Reporting/Tax,API latency met sub-50ms target; ready for scale testing.,20000.0,Trailing Stop,Compliance Review,Schedule Pilot,,,,,,,,0.4,0.0304
INT-012,Internal Sales Notes,,US-FL,,,2025-06-22 09:14:00,,positive,,Onboarding/KYC & Account Holds,0.75,Compliance,,Pricing acceptable with volume tiers; legal review clean.,Acct-CO_ICV,Internal Sales Notes,Acct-CO_ICV,Mid-Market,Compliance Lead,Discovery,Call Summary,API/Execution,Pricing acceptable with volume tiers; legal review clean.,250000.0,API Keys per Desk,Pricing,None,,,,,,,,5.0,0.75
INT-013,Internal Sales Notes,,AU,,,2025-05-13 20:42:00,,positive,,Support Experience,0.4,CX Efficiency,,API latency met sub-50ms target; ready for scale testing.,Acct-CO_KFX,Internal Sales Notes,Acct-CO_KFX,SMB,CFO,Negotiation,Support Escalation,Advanced Trade Core,API latency met sub-50ms target; ready for scale testing.,120000.0,Post-trade Receipt,Missing Feature,Wait for QBR,,,,,,,,2.4,0.192
INT-014,Internal Sales Notes,,EU-DE,,,2025-04-17 08:13:00,,positive,,Product Availability by Region,0.36,Growth,,API latency met sub-50ms target; ready for scale testing.,Acct-CO_GTI,Internal Sales Notes,Acct-CO_GTI,Mid-Market,Compliance Lead,Negotiation,Email,Reporting/Tax,API latency met sub-50ms target; ready for scale testing.,0.0,SLA Dashboard,Pricing,Schedule Pilot,,,,,,,,0.1,0.0072
INT-015,Internal Sales Notes,,US-FL,,,2025-04-03 23:07:00,,positive,,Onboarding/KYC & Account Holds,0.7,Compliance,,Advanced order types matched competitor; trader desk satisfied.,Acct-CO_JYV,Internal Sales Notes,Acct-CO_JYV,Mid-Market,CTO,Evaluation,Call Summary,API/Execution,Advanced order types matched competitor; trader desk satisfied.,50000.0,Trailing Stop,None,Provide Security Docs,,,,,,,,1.0,0.14
INT-016,Internal Sales Notes,,EU-FR,,,2025-05-30 01:36:00,,positive,,Performance/Outages,0.79,Trust&Safety,,Advanced order types matched competitor; trader desk satisfied.,Acct-CO_LKQ,Internal Sales Notes,Acct-CO_LKQ,Enterprise,CTO,Discovery,QBR Note,Funding & Withdrawals,Advanced order types matched competitor; trader desk satisfied.,250000.0,Trailing Stop,Compliance Review,Pricing Review,,,,,,,,5.0,0.79
INT-017,Internal Sales Notes,,SG,,,2025-05-15 05:08:00,,positive,,Product Availability by Region,0.68,Growth,,Pricing acceptable with volume tiers; legal review clean.,Acct-CO_KHI,Internal Sales Notes,Acct-CO_KHI,Mid-Market,CFO,Pilot,Email,Wallet & On-chain,Pricing acceptable with volume tiers; legal review clean.,50000.0,Trailing Stop,None,Schedule Pilot,,,,,,,,1.0,0.136
INT-018,Internal Sales Notes,,EU-FR,,,2025-08-03 19:58:00,,negative,,"Payments, Deposits & Withdrawals",0.49,CX Efficiency,,Blocked by compliance review on KYC refresh cadence; timeline unclear.,Acct-CO_8Y1,Internal Sales Notes,Acct-CO_8Y1,Enterprise,CTO,Prospect,RFP Response,Wallet & On-chain,Blocked by compliance review on KYC refresh cadence; timeline unclear.,50000.0,OCO,Compliance Review,None,,,,,,,,1.0,1.47
INT-019,Internal Sales Notes,,US-NY,,,2025-04-04 19:33:00,,negative,,Onboarding/KYC & Account Holds,0.3,Compliance,,Settlement times for fiat withdrawals not meeting expectations.,Acct-CO_AZT,Internal Sales Notes,Acct-CO_AZT,SMB,Head of Trading,Negotiation,Email,API/Execution,Settlement times for fiat withdrawals not meeting expectations.,20000.0,Post-trade Receipt,Missing Feature,Schedule Pilot,,,,,,,,0.4,0.36
INT-020,Internal Sales Notes,,EU-DE,,,2025-02-28 20:00:00,,negative,,Tax Docs & Reporting,0.66,Compliance,,Settlement times for fiat withdrawals not meeting expectations.,Acct-CO_U9I,Internal Sales Notes,Acct-CO_U9I,SMB,CFO,Pilot,RFP Response,Reporting/Tax,Settlement times for fiat withdrawals not meeting expectations.,0.0,SLA Dashboard,Missing Feature,Pricing Review,,,,,,,,0.1,0.198
INT-021,Internal Sales Notes,,IN,,,2025-05-05 00:13:00,,negative,,Performance/Outages,0.57,Trust&Safety,,Blocked by compliance review on KYC refresh cadence; timeline unclear.,Acct-CO_7I6,Internal Sales Notes,Acct-CO_7I6,Mid-Market,Compliance Lead,Negotiation,Call Summary,API/Execution,Blocked by compliance review on KYC refresh cadence; timeline unclear.,250000.0,SLA Dashboard,Compliance Review,Pricing Review,,,,,,,,5.0,8.55
INT-022,Internal Sales Notes,,EU-ES,,,2025-04-14 02:21:00,,negative,,Support Experience,0.58,CX Efficiency,,Missing feature: OCO with trailing stop in one ticket.,Acct-CO_U4Y,Internal Sales Notes,Acct-CO_U4Y,SMB,CTO,Prospect,Call Summary,Reporting/Tax,Missing feature: OCO with trailing stop in one ticket.,120000.0,API Keys per Desk,Missing Feature,Pricing Review,,,,,,,,2.4,4.176
INT-023,Internal Sales Notes,,SG,,,2025-05-22 22:50:00,,negative,,Tax Docs & Reporting,0.61,Compliance,,Support SLA escalation during incident; CFO flagged risk.,Acct-CO_RM7,Internal Sales Notes,Acct-CO_RM7,SMB,Head of Trading,Prospect,QBR Note,API/Execution,Support SLA escalation during incident; CFO flagged risk.,250000.0,SLA Dashboard,Pricing,Pricing Review,,,,,,,,5.0,9.15
INT-024,Internal Sales Notes,,US-CA,,,2025-07-16 19:50:00,,negative,,Onboarding/KYC & Account Holds,0.36,Compliance,,Blocked by compliance review on KYC refresh cadence; timeline unclear.,Acct-CO_7Q1,Internal Sales Notes,Acct-CO_7Q1,SMB,Head of Trading,Evaluation,RFP Response,Advanced Trade Core,Blocked by compliance review on KYC refresh cadence; timeline unclear.,50000.0,OCO,Pricing,Wait for QBR,,,,,,,,1.0,1.08
INT-025,Internal Sales Notes,,US-TX,,,2025-06-17 02:23:00,,negative,,Performance/Outages,0.3,Trust&Safety,,Blocked by compliance review on KYC refresh cadence; timeline unclear.,Acct-CO_69U,Internal Sales Notes,Acct-CO_69U,SMB,CFO,Evaluation,Support Escalation,Funding & Withdrawals,Blocked by compliance review on KYC refresh cadence; timeline unclear.,5000.0,None,Missing Feature,None,,,,,,,,0.1,0.09
INT-026,Internal Sales Notes,,CA,,,2025-08-10 06:30:00,,negative,,Tax Docs & Reporting,0.35,Compliance,,Execution quality concerns vs. benchmark; asks for post-trade transparency.,Acct-CO_DK8,Internal Sales Notes,Acct-CO_DK8,Enterprise,PM,Evaluation,QBR Note,Security/Compliance,Execution quality concerns vs. benchmark; asks for post-trade transparency.,50000.0,Post-trade Receipt,Pricing,Wait for QBR,,,,,,,,1.0,1.05
INT-027,Internal Sales Notes,,US-CA,,,2025-04-29 22:04:00,,negative,,"Security, Fraud & Phishing",0.76,Trust&Safety,,Execution quality concerns vs. benchmark; asks for post-trade transparency.,Acct-CO_N3O,Internal Sales Notes,Acct-CO_N3O,Enterprise,CFO,Closed Won,Email,Reporting/Tax,Execution quality concerns vs. benchmark; asks for post-trade transparency.,50000.0,None,Missing Feature,Provide Security Docs,,,,,,,,1.0,2.28
INT-028,Internal Sales Notes,,EU-DE,,,2025-07-01 19:40:00,,negative,,Wallet & On-chain UX,0.83,Onchain Adoption,,Execution quality concerns vs. benchmark; asks for post-trade transparency.,Acct-CO_XZ2,Internal Sales Notes,Acct-CO_XZ2,Enterprise,Compliance Lead,Prospect,QBR Note,Wallet & On-chain,Execution quality concerns vs. benchmark; asks for post-trade transparency.,0.0,Trailing Stop,Pricing,Provide Security Docs,,,,,,,,0.1,0.249
INT-029,Internal Sales Notes,,CA,,,2025-06-12 21:37:00,,negative,,Product Availability by Region,0.65,Growth,,Blocked by compliance review on KYC refresh cadence; timeline unclear.,Acct-CO_8L2,Internal Sales Notes,Acct-CO_8L2,Enterprise,PM,Pilot,QBR Note,Reporting/Tax,Blocked by compliance review on KYC refresh cadence; timeline unclear.,5000.0,Post-trade Receipt,Compliance Review,Wait for QBR,,,,,,,,0.1,0.195
INT-030,Internal Sales Notes,,EU-FR,,,2025-03-03 09:02:00,,negative,,Product Availability by Region,0.75,Growth,,Support SLA escalation during incident; CFO flagged risk.,Acct-CO_7D3,Internal Sales Notes,Acct-CO_7D3,Mid-Market,Head of Trading,Pilot,Support Escalation,Funding & Withdrawals,Support SLA escalation during incident; CFO flagged risk.,0.0,OCO,Pricing,Schedule Pilot,,,,,,,,0.1,0.225
INT-031,Internal Sales Notes,,EU-DE,,,2025-06-09 18:27:00,,negative,,Performance/Outages,0.41,Trust&Safety,,Execution quality concerns vs. benchmark; asks for post-trade transparency.,Acct-CO_GFU,Internal Sales Notes,Acct-CO_GFU,Mid-Market,Head of Trading,Closed Won,RFP Response,API/Execution,Execution quality concerns vs. benchmark; asks for post-trade transparency.,250000.0,Trailing Stop,Security Approval,Pricing Review,,,,,,,,5.0,6.15
INT-032,Internal Sales Notes,,CA,,,2025-03-15 11:22:00,,negative,,"Payments, Deposits & Withdrawals",0.78,CX Efficiency,,Missing feature: OCO with trailing stop in one ticket.,Acct-CO_2TN,Internal Sales Notes,Acct-CO_2TN,Mid-Market,CFO,Negotiation,Support Escalation,Security/Compliance,Missing feature: OCO with trailing stop in one ticket.,120000.0,Trailing Stop,Pricing,None,,,,,,,,2.4,5.616
INT-033,Internal Sales Notes,,US-TX,,,2025-07-29 05:35:00,,negative,,Trading/Execution & Fees,0.23,Growth,,Blocked by compliance review on KYC refresh cadence; timeline unclear.,Acct-CO_LIE,Internal Sales Notes,Acct-CO_LIE,Mid-Market,CFO,Closed Won,RFP Response,Wallet & On-chain,Blocked by compliance review on KYC refresh cadence; timeline unclear.,20000.0,Trailing Stop,Security Approval,Pricing Review,,,,,,,,0.4,0.276
INT-034,Internal Sales Notes,,EU-DE,,,2025-07-08 00:50:00,,neutral,,Onboarding/KYC & Account Holds,0.71,Compliance,,Legal asks for data residency statement and audit artifacts.,Acct-CO_58R,Internal Sales Notes,Acct-CO_58R,Mid-Market,CFO,Pilot,Email,Advanced Trade Core,Legal asks for data residency statement and audit artifacts.,20000.0,OCO,Pricing,Provide Security Docs,,,,,,,,0.4,0.284
INT-035,Internal Sales Notes,,EU-ES,,,2025-04-10 13:06:00,,neutral,,Trading/Execution & Fees,0.69,Growth,,Pilot proposed with 10 active traders; success criteria drafted.,Acct-CO_2U1,Internal Sales Notes,Acct-CO_2U1,Mid-Market,Head of Trading,Closed Lost,Support Escalation,Security/Compliance,Pilot proposed with 10 active traders; success criteria drafted.,250000.0,Trailing Stop,Pricing,Schedule Pilot,,,,,,,,5.0,3.45
INT-036,Internal Sales Notes,,CA,,,2025-04-07 06:51:00,,neutral,,"Security, Fraud & Phishing",0.15,Trust&Safety,,Pilot proposed with 10 active traders; success criteria drafted.,Acct-CO_5D5,Internal Sales Notes,Acct-CO_5D5,Enterprise,CFO,Discovery,RFP Response,API/Execution,Pilot proposed with 10 active traders; success criteria drafted.,20000.0,API Keys per Desk,Pricing,None,,,,,,,,0.4,0.06
INT-037,Internal Sales Notes,,IN,,,2025-03-19 07:09:00,,neutral,,"Security, Fraud & Phishing",0.67,Trust&Safety,,Comparative eval vs. two vendors; collecting references.,Acct-CO_9KU,Internal Sales Notes,Acct-CO_9KU,Mid-Market,Head of Trading,Evaluation,Email,Wallet & On-chain,Comparative eval vs. two vendors; collecting references.,5000.0,None,Missing Feature,Wait for QBR,,,,,,,,0.1,0.067
INT-038,Internal Sales Notes,,EU-FR,,,2025-03-09 23:29:00,,neutral,,Wallet & On-chain UX,0.61,Onchain Adoption,,Legal asks for data residency statement and audit artifacts.,Acct-CO_WNC,Internal Sales Notes,Acct-CO_WNC,Mid-Market,CFO,Evaluation,RFP Response,Advanced Trade Core,Legal asks for data residency statement and audit artifacts.,250000.0,Post-trade Receipt,Compliance Review,None,,,,,,,,5.0,3.05
INT-039,Internal Sales Notes,,JP,,,2025-06-11 00:07:00,,neutral,,Product Availability by Region,0.84,Growth,,Comparative eval vs. two vendors; collecting references.,Acct-CO_3RL,Internal Sales Notes,Acct-CO_3RL,Enterprise,Head of Trading,Prospect,Call Summary,Wallet & On-chain,Comparative eval vs. two vendors; collecting references.,5000.0,SLA Dashboard,Missing Feature,Schedule Pilot,,,,,,,,0.1,0.084
INT-040,Internal Sales Notes,,US-TX,,,2025-08-12 07:27:00,,neutral,,Trading/Execution & Fees,0.62,Growth,,Comparative eval vs. two vendors; collecting references.,Acct-CO_5K5,Internal Sales Notes,Acct-CO_5K5,Enterprise,Head of Trading,Pilot,QBR Note,Wallet & On-chain,Comparative eval vs. two vendors; collecting references.,250000.0,OCO,Compliance Review,Provide Security Docs,,,,,,,,5.0,3.1
INT-041,Internal Sales Notes,,US-NY,,,2025-03-12 03:20:00,,neutral,,Trading/Execution & Fees,0.39,Growth,,Stakeholders aligned on scope; waiting for security questionnaire.,Acct-CO_VSQ,Internal Sales Notes,Acct-CO_VSQ,Mid-Market,PM,Pilot,Call Summary,Wallet & On-chain,Stakeholders aligned on scope; waiting for security questionnaire.,20000.0,Trailing Stop,Missing Feature,Provide Security Docs,,,,,,,,0.4,0.156
INT-042,Internal Sales Notes,,BR,,,2025-03-17 18:46:00,,neutral,,Performance/Outages,0.41,Trust&Safety,,Stakeholders aligned on scope; waiting for security questionnaire.,Acct-CO_UVF,Internal Sales Notes,Acct-CO_UVF,Mid-Market,PM,Prospect,Call Summary,API/Execution,Stakeholders aligned on scope; waiting for security questionnaire.,50000.0,Post-trade Receipt,Security Approval,Provide Security Docs,,,,,,,,1.0,0.41
INT-043,Internal Sales Notes,,CA,,,2025-07-29 01:50:00,,neutral,,Support Experience,0.82,CX Efficiency,,Stakeholders aligned on scope; waiting for security questionnaire.,Acct-CO_TVV,Internal Sales Notes,Acct-CO_TVV,Enterprise,Compliance Lead,Discovery,Support Escalation,Funding & Withdrawals,Stakeholders aligned on scope; waiting for security questionnaire.,5000.0,SLA Dashboard,Missing Feature,Schedule Pilot,,,,,,,,0.1,0.082
INT-044,Internal Sales Notes,,US-TX,,,2025-07-14 02:00:00,,neutral,,"Payments, Deposits & Withdrawals",0.31,CX Efficiency,,Finance requested fee simulation across volume tiers.,Acct-CO_T99,Internal Sales Notes,Acct-CO_T99,Enterprise,CFO,Closed Lost,Call Summary,Advanced Trade Core,Finance requested fee simulation across volume tiers.,0.0,OCO,Missing Feature,None,,,,,,,,0.1,0.031
INT-045,Internal Sales Notes,,EU-ES,,,2025-07-30 21:41:00,,neutral,,Product Availability by Region,0.15,Growth,,Legal asks for data residency statement and audit artifacts.,Acct-CO_POX,Internal Sales Notes,Acct-CO_POX,SMB,CTO,Pilot,RFP Response,Wallet & On-chain,Legal asks for data residency statement and audit artifacts.,250000.0,SLA Dashboard,Security Approval,Schedule Pilot,,,,,,,,5.0,0.75
INT-046,Internal Sales Notes,,US-TX,,,2025-04-21 05:23:00,,neutral,,Product Availability by Region,0.2,Growth,,Stakeholders aligned on scope; waiting for security questionnaire.,Acct-CO_EWB,Internal Sales Notes,Acct-CO_EWB,SMB,CFO,Evaluation,RFP Response,Security/Compliance,Stakeholders aligned on scope; waiting for security questionnaire.,20000.0,None,Compliance Review,Schedule Pilot,,,,,,,,0.4,0.08
INT-047,Internal Sales Notes,,UK,,,2025-08-05 23:07:00,,neutral,,Wallet & On-chain UX,0.28,Onchain Adoption,,Finance requested fee simulation across volume tiers.,Acct-CO_SJ9,Internal Sales Notes,Acct-CO_SJ9,SMB,PM,Evaluation,Call Summary,Security/Compliance,Finance requested fee simulation across volume tiers.,120000.0,OCO,Compliance Review,Schedule Pilot,,,,,,,,2.4,0.672
INT-048,Internal Sales Notes,,UK,,,2025-03-05 18:23:00,,neutral,,Tax Docs & Reporting,0.2,Compliance,,Stakeholders aligned on scope; waiting for security questionnaire.,Acct-CO_N7G,Internal Sales Notes,Acct-CO_N7G,SMB,PM,Pilot,QBR Note,Funding & Withdrawals,Stakeholders aligned on scope; waiting for security questionnaire.,250000.0,OCO,Security Approval,Provide Security Docs,,,,,,,,5.0,1.0
INT-049,Internal Sales Notes,,JP,,,2025-06-12 11:37:00,,neutral,,Product Availability by Region,0.88,Growth,,Stakeholders aligned on scope; waiting for security questionnaire.,Acct-CO_CQK,Internal Sales Notes,Acct-CO_CQK,Enterprise,CTO,Closed Won,RFP Response,API/Execution,Stakeholders aligned on scope; waiting for security questionnaire.,5000.0,None,None,Provide Security Docs,,,,,,,,0.1,0.088
INT-050,Internal Sales Notes,,SG,,,2025-04-15 13:31:00,,neutral,,Product Availability by Region,0.87,Growth,,Stakeholders aligned on scope; waiting for security questionnaire.,Acct-CO_ATW,Internal Sales Notes,Acct-CO_ATW,Enterprise,CTO,Prospect,Email,Security/Compliance,Stakeholders aligned on scope; waiting for security questionnaire.,5000.0,None,Pricing,Schedule Pilot,,,,,,,,0.1,0.087
TW-001,Twitter (X),,,,,2025-06-05 21:08:00,,positive,,Performance/Outages,0.29,Trust&Safety,,Finally set bracket orders directly—smooth UX.,@trader_o6q0uswo,Twitter (X),,,,,,,,,,,,@trader_o6q0uswo,148860.0,True,Finally set bracket orders directly—smooth UX.,133.0,80.0,25.0,7.443,0.4317
TW-002,Twitter (X),,,,,2025-07-01 11:49:00,,positive,,Tax Docs & Reporting,0.27,Compliance,,Charts + order book visibility are clutch for scalps.,@trader_jch2vffq,Twitter (X),,,,,,,,,,,,@trader_jch2vffq,106574.0,True,Charts + order book visibility are clutch for scalps.,157.0,118.0,16.0,5.3287,0.2877
TW-003,Twitter (X),,,,,2025-06-25 01:43:00,,positive,,Trading/Execution & Fees,0.34,Growth,,Coinbase Advanced fills were instant during the spike. Nice.,@trader_3kzvh4fz,Twitter (X),,,,,,,,,,,,@trader_3kzvh4fz,93265.0,False,Coinbase Advanced fills were instant during the spike. Nice.,419.0,44.0,1.0,4.66325,0.3171
TW-004,Twitter (X),,,,,2025-05-27 11:43:00,,positive,,Performance/Outages,0.6,Trust&Safety,,Fee breakdowns on receipts make sense now.,@trader_0iq2fa39,Twitter (X),,,,,,,,,,,,@trader_0iq2fa39,34276.0,True,Fee breakdowns on receipts make sense now.,330.0,21.0,37.0,1.7138,0.2057
TW-005,Twitter (X),,,,,2025-02-26 05:59:00,,positive,,"Payments, Deposits & Withdrawals",0.56,CX Efficiency,,Charts + order book visibility are clutch for scalps.,@trader_ac6pe63l,Twitter (X),,,,,,,,,,,,@trader_ac6pe63l,11202.0,False,Charts + order book visibility are clutch for scalps.,420.0,185.0,25.0,0.5601,0.0627
TW-006,Twitter (X),,,,,2025-04-30 15:26:00,,positive,,Product Availability by Region,0.81,Growth,,Coinbase Advanced fills were instant during the spike. Nice.,@trader_yghgk5bw,Twitter (X),,,,,,,,,,,,@trader_yghgk5bw,64441.0,False,Coinbase Advanced fills were instant during the spike. Nice.,245.0,15.0,5.0,3.22205,0.522
TW-007,Twitter (X),,,,,2025-07-03 15:22:00,,positive,,Trading/Execution & Fees,0.83,Growth,,Fee breakdowns on receipts make sense now.,@trader_px2i9tan,Twitter (X),,,,,,,,,,,,@trader_px2i9tan,94149.0,False,Fee breakdowns on receipts make sense now.,257.0,82.0,24.0,4.70745,0.7814
TW-008,Twitter (X),,,,,2025-03-11 07:42:00,,positive,,Onboarding/KYC & Account Holds,0.29,Compliance,,Finally set bracket orders directly—smooth UX.,@trader_lh62c9t1,Twitter (X),,,,,,,,,,,,@trader_lh62c9t1,61027.0,True,Finally set bracket orders directly—smooth UX.,273.0,188.0,3.0,3.05135,0.177
TW-009,Twitter (X),,,,,2025-08-12 11:36:00,,positive,,Product Availability by Region,0.55,Growth,,Love the new pairs—liquidity looks solid.,@trader_m44gv3z6,Twitter (X),,,,,,,,,,,,@trader_m44gv3z6,7404.0,False,Love the new pairs—liquidity looks solid.,288.0,48.0,31.0,0.3702,0.0407
TW-010,Twitter (X),,,,,2025-03-31 10:03:00,,positive,,Trading/Execution & Fees,0.12,Growth,,Charts + order book visibility are clutch for scalps.,@trader_rdihsa7h,Twitter (X),,,,,,,,,,,,@trader_rdihsa7h,34217.0,False,Charts + order book visibility are clutch for scalps.,300.0,180.0,9.0,1.71085,0.0411
TW-011,Twitter (X),,,,,2025-06-18 20:20:00,,positive,,"Security, Fraud & Phishing",0.24,Trust&Safety,,Love the new pairs—liquidity looks solid.,@trader_8n7odkef,Twitter (X),,,,,,,,,,,,@trader_8n7odkef,114532.0,False,Love the new pairs—liquidity looks solid.,495.0,143.0,44.0,5.7266,0.2749
TW-012,Twitter (X),,,,,2025-02-22 05:38:00,,positive,,Support Experience,0.35,CX Efficiency,,Charts + order book visibility are clutch for scalps.,@trader_x3n0kgaz,Twitter (X),,,,,,,,,,,,@trader_x3n0kgaz,102665.0,False,Charts + order book visibility are clutch for scalps.,414.0,156.0,14.0,5.13325,0.3593
TW-013,Twitter (X),,,,,2025-02-16 08:13:00,,positive,,Tax Docs & Reporting,0.3,Compliance,,Coinbase Advanced fills were instant during the spike. Nice.,@trader_f0i9g5dz,Twitter (X),,,,,,,,,,,,@trader_f0i9g5dz,88024.0,False,Coinbase Advanced fills were instant during the spike. Nice.,34.0,89.0,16.0,4.4012,0.2641
TW-014,Twitter (X),,,,,2025-07-30 21:14:00,,positive,,Onboarding/KYC & Account Holds,0.23,Compliance,,Coinbase Advanced fills were instant during the spike. Nice.,@trader_n085rntd,Twitter (X),,,,,,,,,,,,@trader_n085rntd,125705.0,False,Coinbase Advanced fills were instant during the spike. Nice.,37.0,8.0,18.0,6.28525,0.2891
TW-015,Twitter (X),,,,,2025-02-21 13:41:00,,positive,,Wallet & On-chain UX,0.23,Onchain Adoption,,Charts + order book visibility are clutch for scalps.,@trader_8cgn0t6d,Twitter (X),,,,,,,,,,,,@trader_8cgn0t6d,126556.0,False,Charts + order book visibility are clutch for scalps.,455.0,111.0,10.0,6.3278,0.2911
TW-016,Twitter (X),,,,,2025-07-10 17:53:00,,positive,,"Security, Fraud & Phishing",0.49,Trust&Safety,,Coinbase Advanced fills were instant during the spike. Nice.,@trader_hgzz0jki,Twitter (X),,,,,,,,,,,,@trader_hgzz0jki,13021.0,False,Coinbase Advanced fills were instant during the spike. Nice.,27.0,92.0,0.0,0.65105,0.0638
TW-017,Twitter (X),,,,,2025-05-26 15:31:00,,positive,,Wallet & On-chain UX,0.82,Onchain Adoption,,Coinbase Advanced fills were instant during the spike. Nice.,@trader_3wrdhw9r,Twitter (X),,,,,,,,,,,,@trader_3wrdhw9r,30289.0,False,Coinbase Advanced fills were instant during the spike. Nice.,135.0,23.0,41.0,1.51445,0.2484
TW-018,Twitter (X),,,,,2025-08-11 21:06:00,,negative,,Support Experience,0.17,CX Efficiency,,Support replies feel canned—need a human on escalations.,@trader_g5nqjqij,Twitter (X),,,,,,,,,,,,@trader_g5nqjqij,16168.0,True,Support replies feel canned—need a human on escalations.,176.0,138.0,26.0,0.8084,0.4123
TW-019,Twitter (X),,,,,2025-05-26 22:02:00,,negative,,Performance/Outages,0.5,Trust&Safety,,App stalled right when volatility hit. Brutal.,@trader_cns8y7ui,Twitter (X),,,,,,,,,,,,@trader_cns8y7ui,78352.0,True,App stalled right when volatility hit. Brutal.,461.0,132.0,36.0,3.9176,5.8764
TW-020,Twitter (X),,,,,2025-07-24 04:53:00,,negative,,"Payments, Deposits & Withdrawals",0.58,CX Efficiency,,App stalled right when volatility hit. Brutal.,@trader_8q8ghgbc,Twitter (X),,,,,,,,,,,,@trader_8q8ghgbc,114145.0,True,App stalled right when volatility hit. Brutal.,163.0,186.0,4.0,5.70725,9.9306
TW-021,Twitter (X),,,,,2025-05-31 04:09:00,,negative,,Support Experience,0.55,CX Efficiency,,Support replies feel canned—need a human on escalations.,@trader_ut4s7azv,Twitter (X),,,,,,,,,,,,@trader_ut4s7azv,110004.0,True,Support replies feel canned—need a human on escalations.,298.0,194.0,6.0,5.5002,9.0753
TW-022,Twitter (X),,,,,2025-03-30 08:25:00,,negative,,Wallet & On-chain UX,0.22,Onchain Adoption,,Gas estimate shocked me on first onchain transfer.,@trader_22555jxu,Twitter (X),,,,,,,,,,,,@trader_22555jxu,124016.0,True,Gas estimate shocked me on first onchain transfer.,311.0,174.0,44.0,6.2008,4.0925
TW-023,Twitter (X),,,,,2025-04-26 15:54:00,,negative,,Trading/Execution & Fees,0.66,Growth,,Execution looked worse than my benchmark—need clarity on spread.,@trader_o5ybrjnm,Twitter (X),,,,,,,,,,,,@trader_o5ybrjnm,79454.0,False,Execution looked worse than my benchmark—need clarity on spread.,50.0,58.0,8.0,3.9727,7.8659
TW-024,Twitter (X),,,,,2025-05-20 01:32:00,,negative,,Support Experience,0.73,CX Efficiency,,Support replies feel canned—need a human on escalations.,@trader_1l0vdp6o,Twitter (X),,,,,,,,,,,,@trader_1l0vdp6o,127008.0,False,Support replies feel canned—need a human on escalations.,33.0,79.0,45.0,6.3504,13.9074
TW-025,Twitter (X),,,,,2025-05-17 22:12:00,,negative,,Support Experience,0.32,CX Efficiency,,Support replies feel canned—need a human on escalations.,@trader_e45bg34i,Twitter (X),,,,,,,,,,,,@trader_e45bg34i,119665.0,True,Support replies feel canned—need a human on escalations.,421.0,118.0,32.0,5.98325,5.7439
TW-026,Twitter (X),,,,,2025-08-09 02:18:00,,negative,,Trading/Execution & Fees,0.12,Growth,,Execution looked worse than my benchmark—need clarity on spread.,@trader_yirq8rtm,Twitter (X),,,,,,,,,,,,@trader_yirq8rtm,67816.0,False,Execution looked worse than my benchmark—need clarity on spread.,25.0,41.0,36.0,3.3908,1.2207
TW-027,Twitter (X),,,,,2025-02-16 07:16:00,,negative,,Support Experience,0.59,CX Efficiency,,App stalled right when volatility hit. Brutal.,@trader_yjoa21a6,Twitter (X),,,,,,,,,,,,@trader_yjoa21a6,45413.0,False,App stalled right when volatility hit. Brutal.,482.0,78.0,45.0,2.27065,4.0191
TW-028,Twitter (X),,,,,2025-08-02 11:35:00,,negative,,Support Experience,0.62,CX Efficiency,,Support replies feel canned—need a human on escalations.,@trader_64qhkswv,Twitter (X),,,,,,,,,,,,@trader_64qhkswv,1936.0,False,Support replies feel canned—need a human on escalations.,311.0,72.0,19.0,0.1,0.186
TW-029,Twitter (X),,,,,2025-04-16 01:51:00,,negative,,Support Experience,0.79,CX Efficiency,,Support replies feel canned—need a human on escalations.,@trader_c9x5jz6k,Twitter (X),,,,,,,,,,,,@trader_c9x5jz6k,39313.0,False,Support replies feel canned—need a human on escalations.,414.0,153.0,25.0,1.96565,4.6586
TW-030,Twitter (X),,,,,2025-04-11 21:34:00,,negative,,Onboarding/KYC & Account Holds,0.61,Compliance,,App stalled right when volatility hit. Brutal.,@trader_x9jpnbzu,Twitter (X),,,,,,,,,,,,@trader_x9jpnbzu,49795.0,False,App stalled right when volatility hit. Brutal.,243.0,171.0,22.0,2.48975,4.5562
TW-031,Twitter (X),,,,,2025-05-10 20:05:00,,negative,,Onboarding/KYC & Account Holds,0.28,Compliance,,Why is withdrawal still pending after KYC refresh?,@trader_445gdej3,Twitter (X),,,,,,,,,,,,@trader_445gdej3,48000.0,False,Why is withdrawal still pending after KYC refresh?,114.0,190.0,19.0,2.4,2.016
TW-032,Twitter (X),,,,,2025-06-22 03:55:00,,negative,,Onboarding/KYC & Account Holds,0.64,Compliance,,Why is withdrawal still pending after KYC refresh?,@trader_nvqebwuw,Twitter (X),,,,,,,,,,,,@trader_nvqebwuw,123799.0,True,Why is withdrawal still pending after KYC refresh?,271.0,76.0,26.0,6.18995,11.8847
TW-033,Twitter (X),,,,,2025-05-10 20:11:00,,negative,,Trading/Execution & Fees,0.35,Growth,,App stalled right when volatility hit. Brutal.,@trader_9m969f5g,Twitter (X),,,,,,,,,,,,@trader_9m969f5g,21194.0,False,App stalled right when volatility hit. Brutal.,29.0,1.0,28.0,1.0597,1.1127
TW-034,Twitter (X),,,,,2025-02-15 01:34:00,,neutral,,Trading/Execution & Fees,0.26,Growth,,"Limit orders only for now, seeing how it behaves.",@trader_uf22eppp,Twitter (X),,,,,,,,,,,,@trader_uf22eppp,125157.0,False,"Limit orders only for now, seeing how it behaves.",191.0,3.0,20.0,6.25785,1.627
TW-035,Twitter (X),,,,,2025-02-25 09:18:00,,neutral,,Onboarding/KYC & Account Holds,0.46,Compliance,,"Limit orders only for now, seeing how it behaves.",@trader_ywiymenv,Twitter (X),,,,,,,,,,,,@trader_ywiymenv,43793.0,True,"Limit orders only for now, seeing how it behaves.",266.0,152.0,33.0,2.18965,1.0072
TW-036,Twitter (X),,,,,2025-02-19 18:32:00,,neutral,,Trading/Execution & Fees,0.24,Growth,,Saw incident on status page; will retry later.,@trader_m6mg87oi,Twitter (X),,,,,,,,,,,,@trader_m6mg87oi,34404.0,True,Saw incident on status page; will retry later.,187.0,182.0,41.0,1.7202,0.4128
TW-037,Twitter (X),,,,,2025-03-17 17:16:00,,neutral,,Wallet & On-chain UX,0.48,Onchain Adoption,,Saw incident on status page; will retry later.,@trader_1wvbd4be,Twitter (X),,,,,,,,,,,,@trader_1wvbd4be,116484.0,False,Saw incident on status page; will retry later.,78.0,52.0,44.0,5.8242,2.7956
TW-038,Twitter (X),,,,,2025-03-15 03:31:00,,neutral,,Product Availability by Region,0.26,Growth,,New listing announced; watching volume.,@trader_xxjve3dz,Twitter (X),,,,,,,,,,,,@trader_xxjve3dz,30873.0,False,New listing announced; watching volume.,102.0,199.0,16.0,1.54365,0.4013
TW-039,Twitter (X),,,,,2025-07-10 21:31:00,,neutral,,"Security, Fraud & Phishing",0.22,Trust&Safety,,"Limit orders only for now, seeing how it behaves.",@trader_zkbrh7la,Twitter (X),,,,,,,,,,,,@trader_zkbrh7la,23341.0,True,"Limit orders only for now, seeing how it behaves.",46.0,199.0,32.0,1.16705,0.2568
TW-040,Twitter (X),,,,,2025-05-05 13:47:00,,neutral,,Wallet & On-chain UX,0.19,Onchain Adoption,,Testing Advanced today; moving from Pro.,@trader_xq9jb354,Twitter (X),,,,,,,,,,,,@trader_xq9jb354,94438.0,False,Testing Advanced today; moving from Pro.,435.0,194.0,2.0,4.7219,0.8972
TW-041,Twitter (X),,,,,2025-04-24 12:44:00,,neutral,,Trading/Execution & Fees,0.78,Growth,,"Limit orders only for now, seeing how it behaves.",@trader_l68j0nme,Twitter (X),,,,,,,,,,,,@trader_l68j0nme,104933.0,False,"Limit orders only for now, seeing how it behaves.",409.0,107.0,41.0,5.24665,4.0924
TW-042,Twitter (X),,,,,2025-05-22 11:39:00,,neutral,,Trading/Execution & Fees,0.12,Growth,,Testing Advanced today; moving from Pro.,@trader_zc7fov2y,Twitter (X),,,,,,,,,,,,@trader_zc7fov2y,47526.0,False,Testing Advanced today; moving from Pro.,350.0,186.0,8.0,2.3763,0.2852
TW-043,Twitter (X),,,,,2025-08-04 10:33:00,,neutral,,"Payments, Deposits & Withdrawals",0.52,CX Efficiency,,Saw incident on status page; will retry later.,@trader_5pcxa5s0,Twitter (X),,,,,,,,,,,,@trader_5pcxa5s0,148124.0,True,Saw incident on status page; will retry later.,358.0,158.0,6.0,7.4062,3.8512
TW-044,Twitter (X),,,,,2025-06-14 15:55:00,,neutral,,Tax Docs & Reporting,0.23,Compliance,,"Limit orders only for now, seeing how it behaves.",@trader_myn4u9bx,Twitter (X),,,,,,,,,,,,@trader_myn4u9bx,41147.0,False,"Limit orders only for now, seeing how it behaves.",384.0,125.0,20.0,2.05735,0.4732
TW-045,Twitter (X),,,,,2025-05-05 03:31:00,,neutral,,Wallet & On-chain UX,0.7,Onchain Adoption,,New listing announced; watching volume.,@trader_bixoiq2q,Twitter (X),,,,,,,,,,,,@trader_bixoiq2q,130677.0,False,New listing announced; watching volume.,9.0,26.0,25.0,6.53385,4.5737
TW-046,Twitter (X),,,,,2025-05-18 01:52:00,,neutral,,Performance/Outages,0.28,Trust&Safety,,Testing Advanced today; moving from Pro.,@trader_t328w6ux,Twitter (X),,,,,,,,,,,,@trader_t328w6ux,119602.0,False,Testing Advanced today; moving from Pro.,232.0,84.0,35.0,5.9801,1.6744
TW-047,Twitter (X),,,,,2025-06-27 11:44:00,,neutral,,Trading/Execution & Fees,0.19,Growth,,Comparing fees vs. my other venue tonight.,@trader_rxze1hm3,Twitter (X),,,,,,,,,,,,@trader_rxze1hm3,76551.0,False,Comparing fees vs. my other venue tonight.,459.0,42.0,31.0,3.82755,0.7272
TW-048,Twitter (X),,,,,2025-07-26 21:37:00,,neutral,,"Payments, Deposits & Withdrawals",0.2,CX Efficiency,,Saw incident on status page; will retry later.,@trader_jhe4h3gm,Twitter (X),,,,,,,,,,,,@trader_jhe4h3gm,108660.0,True,Saw incident on status page; will retry later.,456.0,115.0,29.0,5.433,1.0866
TW-049,Twitter (X),,,,,2025-07-12 05:46:00,,neutral,,Trading/Execution & Fees,0.75,Growth,,Comparing fees vs. my other venue tonight.,@trader_ertb74rs,Twitter (X),,,,,,,,,,,,@trader_ertb74rs,46462.0,False,Comparing fees vs. my other venue tonight.,53.0,99.0,42.0,2.3231,1.7423
TW-050,Twitter (X),,,,,2025-03-20 04:26:00,,neutral,,Trading/Execution & Fees,0.58,Growth,,Comparing fees vs. my other venue tonight.,@trader_5sn961j8,Twitter (X),,,,,,,,,,,,@trader_5sn961j8,77125.0,False,Comparing fees vs. my other venue tonight.,453.0,191.0,32.0,3.85625,2.2366
